Employee_Name	Employee_EmailID	Secret_Child_Name	Secret_Child_EmailID
Hamish Murray,hamish.murray@are.com,Benjamin Collins,benjamin.collins@are.com
Layla Graham,layla.graham@are.com,Piper Stewart,piper.stewart@are.com
Matthew King,matthew.king@are.com,Spencer Allen,spencer.allen@are.com
Benjamin Collins,benjamin.collins@are.com,Ethan Murray,ethan.murray@are.com
Isabella Scott,isabella.scott@are.com,Layla Graham,layla.graham@are.com
Charlie Ross,charlie.ross@are.com,Mark Lawrence,mark.lawrence@are.com
Hamish Murray,hamish.murray.sr@are.com,Hamish Murray,hamish.murray.jr@are.com
Piper Stewart,piper.stewart@are.com,Charlie Ross,charlie.ross.jr@are.com
Spencer Allen,spencer.allen@are.com,Charlie Wright,charlie.wright@are.com
Charlie Wright,charlie.wright@are.com,Hamish Murray,hamish.murray@are.com
Hamish Murray,hamish.murray.jr@are.com,Charlie Ross,charlie.ross@are.com
Charlie Ross,charlie.ross.jr@are.com,Matthew King,matthew.king@are.com
Ethan Murray,ethan.murray@are.com,Matthew King,matthew.king.jr@are.com
Matthew King,matthew.king.jr@are.com,Hamish Murray,hamish.murray.sr@are.com
Mark Lawrence,mark.lawrence@are.com,Isabella Scott,isabella.scott@are.com
